body,title,url
"
Al parecer, en la Secretaría de Desarrollo Agrario, Territorial y Urbano (Sedatu) no escucharon la instrucción del presidente Andrés Manuel López Obrador de que, en aras de la austeridad, se deje de contratar a empresas de seguridad privada y en su lugar se busque al Servicio de Protección Federal (SPF) para estas funciones. Nos detallan que la Sedatu, cuyo titular es Román Meyer Falcón,  presentó el expediente 2238161 para contratar a una empresa para vigilar sus oficinas centrales y en donde se prevé que pueda desembolsar hasta 4.5 millones de pesos para esta contratación, según las propuestas que han presentado dos empresas interesadas en obtener esta licitación. ¿Pues no que a la 4T la cuida el pueblo? ¿Y la austeridad republicana?

Las maromas de la 4T en la Cámara
Muchas maromas procesales tiene que hacer la bancada de Morena en la Cámara de Diputados para complacer al presidente, Andrés Manuel López Obrador. Se confirmó que el próximo viernes acudirán a San Lázaro el procurador Fiscal de la Federación, Carlos Romero Aranda, y el titular de la UIF, Santiago Nieto Castillo, a explicar los cargos para sustentar el desafuero del gobernador de Tamaulipas, Francisco Javier García Cabeza de Vaca. Esta audiencia pública, si así se le puede llamar, responde, nos dicen, a la petición del presidente, López Obrador para hacer público el expediente contra Cabeza de Vaca. Nunca antes la Sección Instructora ha abierto una audiencia y menos para explicar las pruebas con las que se sustentan las acusaciones, pero ante una instrucción presidencial, nos dicen, no importa las maromas que los legisladores se tengan que dar para obedecer ciegamente las instrucciones que reciben del Poder Ejecutivo.

Desaparecen los simulacros de balaceras
Nos comentan que, de última hora, el gobierno federal decidió mejor no meterse en problemas y provocar un escándalo y un problema al gobierno de la capital de la República por lo que borró la obligación de que hubiera simulacros de actuación en caso de balaceras en escuelas de la Ciudad.  Nos detallan que en la edición de ayer del Diario Oficial de la Federación se publicó el Protocolo General de Prevención y Actuación en caso de Sismos en Planteles de Educación Básica, Especial, para Adultos y Normal en la Ciudad de México, en donde se ordenan simulacros mensuales de situaciones de riesgos de sismos, incendios, inundaciones, artefactos explosivos, sustracción de menores y fugas de gas.  En el anteproyecto enviado originalmente a la Comisión de Mejora Regulatoria, y del cual informó este fin de semana EL UNIVERSAL, la Autoridad Educativa de la Ciudad de México planteaba que hubiera simulacros de balaceras. Así, como por arte de magia, desaparecieron del documento los simulacros en caso de balaceras. Será que en época electoral no es muy bien visto que en la capital del país se prepare a los estudiantes para salir ilesos de un tiroteo.

Candidaturas priistas no se venden, reviran
Es una falsedad que “hay acusaciones fuertes contra el secretario General del PRI en Guanajuato, Alejandro Arias Ávila” por una supuesta venta de candidaturas que él puede ofrecer “al mejor postor” por ser el encargado de palomear los nombres de quienes serán postulados para una sindicatura, una regiduría o una alcaldía”, asegura el Comité Directivo Estatal del PRI en Guanajuato, en respuesta a lo comunicado en este espacio ayer. Aseguran que acusaciones como a las se le dio eco en esta columna, “tienen que ser soportadas con pruebas y, de ser el caso, procederse en consecuencia contra quien resulte responsable, porque ese tipo de prácticas son deleznables y deben ser sancionadas”. No podríamos estar más de acuerdo, ojalá quienes dicen en corto que se les pidió dinero por la candidatura presenten pronto una denuncia.
",,http://www.eluniversal.com.mx/opinion/periodistas-el-universal/y-la-austeridad-republicana-don-roman-meyer
"
La Fiscalía de Jalisco pidió a la FGR investigar las acusaciones contra el secretario de seguridad de la Ciudad de México, Omar García Harfuch, hechas en un video por Carlos Sánchez Martínez, alias “El Cholo”, presunto líder del Cártel Nueva Plaza y cuyo cuerpo apareció embolsado el mediodía de este jueves en la plaza principal de Tlaquepaque.
En el video que la Fiscalía estatal dio por fidedigno, “El Cholo” --esposado y vigilado por sujetos fuertemente armados-- aseguró que el funcionario capitalino le prometió apoyarlo en su guerra contra el Cártel de Jalisco Nueva Generación, pero necesitaba que ocurrieran en Jalisco “algo relevante para poder dejarse caer aquí en la ciudad, con toda su gente o el apoyo que iba mandarme”.
El presunto capo dijo ser el resposable de las fosas clandestinas en Tonalá, Tlaquepaque y Tlajomulco, de atacar en diciembre de 2018 con una granada el Consulado de Estados Unidos en Guadalajara y de ordenar la masacre del pasado 27 de febrero en la colonia La Jauja, de Tonalá.
Lea también: Despliegan operativo en límites de Aguascalientes y Jalisco tras ataques en “La Chona”
“Este material confirma la existencia de una estrategia orquestada para desestabilizar al estado por parte de un grupo de la delincuencia organizada; todo indica que sí se trata de la persona llamada Carlos Sánchez Martínez, apodada ‘El Cholo’”, señaló el fiscal de Jalisco, Gerardo Octavio Solís Gómez.
El fiscal indicó que se han realizado diversos actos de investigación para que, de ser procedente, se incorpore el video como hecho de prueba para la investigación de los delitos que se mencionan en el material.
En el video, “El Cholo” también dice tener apoyo de dos comandantes de la Policía de Guadalajara, por lo que Solís Gómez indicó que ya se trabaja con la corporación municipal en la investigación.
Lea también: Confirman homicidio de alcalde de Jalisco con licencia
Respecto al cuerpo localizado en una banca de la plaza principal de Tlaquepaque, a unos metros de la presidencia municipal, el fiscal de Jalisco señaló que algunas de sus características corresponden con las de Sánchez Martínez, pero se espera la identificación oficial.
La pugna entre el Cártel de Jalisco Nueva Generación y una de sus escisiones, el Cártel Nueva Plaza, se hizo pública en marzo de 2018, cuando las autoridades estatales señalaron que la desaparición de Javier Salomón Aceves Gastelum, Marco García Ávalos y Daniel Díaz García, los tres estudiantes de cine de la Universidad de Medios Audiovisuales (CAAV),fue resutaltado de esta disputa, pues fueron confundidos con integrantes del Cártel Nueva Plaza.
Ese mismo mes, durante su último informe de gobierno, el exgobernador Aristóteles Sandoval dijo tener información respecto a que la violencia en la entidad se recrudecería y más tarde reconoció que se refería a la pugna entre estos dos grupos.
cev
",,https://www.eluniversal.com.mx/estados/fiscalia-de-jalisco-da-por-bueno-video-que-vincularia-garcia-harfuch-con-cartel-pide
"

Para los que pensaron que el confinamiento dejaría a las parejas con poco más que hacer que procrear, hubo una sorpresa: no un baby boom sino todo lo contrario.

Los estudios muestran que Estados Unidos se enfrenta al mayor descenso de nacimientos en un siglo, y en algunos lugares de Europa el declive es aún más pronunciado.

Cuando Frederike se mudó con sus padres para cuidar a un pariente anciano al principio de la pandemia, lo consideró un regalo, una oportunidad para pasar tiempo con su familia.

Pero a los pocos meses, esta alemana de 33 años empezó a sentir una profunda sensación de pérdida.

Frederike está soltera y se dio cuenta de que la pandemia le estaba robando la oportunidad de conocer a alguien y formar una familia.

""El tiempo es muy valioso en este momento y mi vida se ha puesto en pausa"", dice.

4 mitos y verdades sobre lo que pueden comer las embarazadas

Probó a tener citas por internet, pero salir a pasear en invierno con temperaturas bajo cero no favorece el romance.

Ahora, deprimida, el mismo pensamiento gira obsesivamente en su cabeza: ""Cuando esto acabe voy a ser infértil"".

""Me siento en los años en que puedo tener un hijo"".

Para los que estudian la población, la caída de los nacimientos no fue una revelación.

""Viendo lo mala que fue la pandemia no me sorprende"", asegura Philip N Cohen, profesor de sociología de la Universidad de Maryland.

""Pero sigue siendo impactante ver que algo así ocurre en tiempo real"".

En junio del año pasado, los economistas del Instituto Brookings de Estados Unidos estimaron que los nacimientos en Estados Unidos caerían entre 300.000 y medio millón de niños. 

Al mismo tiempo, una encuesta sobre planes de natalidad en Europa mostraba que el 50% de las personas en Alemania y Francia que habían planeado tener un hijo en 2020 iban a posponerlo.

En Italia, el 37% aseguró que había abandonado la idea por completo.

Un informe de los Centros de Control y Prevención de Enfermedades (CDC) de EE.UU. indica un descenso del 8% de los nacimientos en el mes de diciembre.

Getty Images
 
Un informe de los Centros de Control y Prevención de Enfermedades (CDC) de EE.UU. indica un descenso del 8% de los nacimientos en el mes de diciembre.

Los primeros datos de Italia sugieren un descenso del 21.6% a principios de año, y en España se registra la tasa de natalidad más baja desde que se guardan registros de ella: marca un descenso del 20%.

Nueve meses después del inicio de la pandemia, Francia, Corea, Taiwán, Estonia, Letonia y Lituania han notificado cifras mensuales de nacimientos en diciembre o enero que han sido las más bajas en más de 20 años.

Términos de búsqueda en Google

Joshua Wilde y su equipo del Instituto Max Planck de Investigación Demográfica (Alemania) predijeron este descenso y su investigación muestra que el efecto -al menos en Estados Unidos- probablemente se extienda durante meses.

Observaron la prevalencia de términos de búsqueda en Google en EE.UU., como la prueba de embarazo ""Clearblue"" o el concepto de ""náuseas matutinas"".

En octubre predijeron que en febrero habría un descenso del 15,2% de los nacimientos. Ahora ven que esa caída se prolonga hasta agosto.

Sería la mayor caída de nacimientos en más de un siglo, y duraría más que el efecto de la recesión de 2008 o incluso la Gran Depresión de 1929.

Getty Images
 
Algunos estudios han utilizado las búsquedas sobre test de embarazos en google para realizar sus estimaciones.

Normalmente, en recesiones y pandemias se produce un descenso de los nacimientos y luego un repunte, explica Wilde.

""Uno se imaginaría que cuando la primera ola terminara, todo el mundo estaría como, 'Oh, chico, ya sabes, hora de tener todos esos hijos que íbamos a tener'"".

Pero esta vez es diferente

""Lo que estoy descubriendo es que no. La gente, si está esperando, está esperando realmente mucho tiempo"".

Y algunos habrán decidido no tener ese hijo en absoluto.

Esto tiene sentido para Steve.

Durante los últimos tres años ha tenido la misma conversación una y otra vez con su mujer.

Ella quiere otro hijo, una hermanita para sus dos hijos. Él es feliz con su familia de cuatro miembros.

""Así que cada año me invento excusas"", reconoce.

Ha intentado convencerla de que la situación económica de Nigeria, donde viven, es demasiado imprevisible, pero ella no se lo creía, hasta ahora. ""Por primera vez, debido a la covid-19, ella ha aceptado que el momento ha pasado"".

Getty Images
 
Casi 12 millones de mujeres de 115 países han perdido el acceso a los servicios de planificación familiar.

Para una pareja de clase media como Steve y su mujer, los hijos son una opción. Pero no para todos.

La agencia de salud sexual y reproductiva de la ONU afirma que la pandemia ha hecho que casi 12 millones de mujeres de 115 países pierdan el acceso a los servicios de planificación familiar.

Podría provocar 1,4 millones de embarazos no deseados.

Sólo en Indonesia, el gobierno predice que nacerán medio millón más de bebés a causa de la pandemia.

Durante el confinamiento, el gobierno envió coches por los pueblos y ciudades haciendo sonar un mensaje por los altavoces. ""Papás, por favor, contrólense"", decía el mensaje.

""Podéis tener relaciones sexuales. Podéis casaros. Pero no te quedes embarazada"".

La agencia nacional de planificación familiar del país afirma que hasta 10 millones de personas dejaron de usar anticonceptivos porque no podían acceder a clínicas o farmacias en ese tiempo.

Entonces, ¿por qué Europa y Estados Unidos se enfrentan a un ""baby fracaso""?

Una teoría es que la gente tiene menos sexo.

Un informe del Instituto Kinsey de la Universidad de Indiana, en EE.UU., descubrió que el 40% de las personas encuestadas, independientemente de su sexo o edad, declararon haber disminuido su vida sexual durante la pandemia.

Una encuesta más pequeña en China arrojó resultados similares. En el sur de Asia, una encuesta no informó de ningún descenso.

Pero hay que ser cuidadoso con hacer una lectura excesiva de estos estudios, sostiene Marieke Dewitte, psicóloga y sexóloga de la Universidad de Maastricht.

""Las personas reaccionan de forma muy diferente a la manera en que esta pandemia afecta a su sexualidad y a sus relaciones"", afirma.

""Para algunas personas el estrés aumenta el deseo sexual y para otras lo mata"".

Lo que resulta más convincente es el firme vínculo que se establece entre la economía y los nacimientos. 

A lo largo de la historia, en diferentes países, la confianza económica ha provocado un aumento de los nacimientos y la incertidumbre un descenso.

Getty Images
 
Los habitantes de Alemania, Francia y Reino Unido que vivían en las zonas más afectadas por la covid-19 eran más propensos a posponer la maternidad, según un estudio.

El estudio sobre los planes de natalidad de los adultos europeos descubrió que los habitantes de Alemania, Francia y Reino Unido que vivían en las zonas más afectadas por la covid-19 eran más propensos a posponer la maternidad.

Al mismo tiempo, varios países más ricos del norte de Europa que han afrontado relativamente bien la pandemia -como los Países Bajos, Noruega, Dinamarca y Finlandia- informan de que el descenso de los nacimientos en diciembre o enero ha sido mínimo o nulo.

Un precio elevado

Todo ello forma parte de una tendencia mucho mayor a la disminución de los nacimientos, lo que preocupa a algunos.

En el futuro, si hay menos personas en edad de trabajar, se generarán menos ingresos fiscales para pagar las pensiones y la asistencia sanitaria de los ancianos, que a su vez viven más tiempo.

Hay soluciones a este problema -aumentar la edad de jubilación, por ejemplo, o fomentar la inmigración-, pero éstas tienen implicaciones políticas.

Muchos países han intentado aumentar el número de niños con poco éxito.

Una vez que las tasas de natalidad disminuyen, es complicado convencer a las mujeres de que tengan más bebés.

""Después de la gran recesión de 2009 puede que haya habido un cierto repunte, pero no hasta el nivel que tenía"", analiza el profesor Philip Cohen.

""Ciertamente, en Estados Unidos las tasas de natalidad nunca se recuperaron a sus niveles anteriores a la recesión"".

Getty Images
 
A lo largo de la historia, la confianza económica ha conducido a un aumento de los nacimientos y la incertidumbre a un descenso.

En este contexto, las mujeres son mayores cuando empiezan a pensar en tener hijos, el margen de tiempo que tienen para concebir es más bre

Frederike siente que se le acaba el tiempo, pero al menos es optimista.

Está pensando en congelar sus óvulos o en tener un hijo con un amigo gay, o tal vez en no tener ningún hijo. Eso le ha dado una sensación de control.

""Estoy contenta de hacer esto para proteger a las personas mayores, pero es un precio bastante alto"".
  
",,https://www.eluniversal.com.mx/ciencia-y-salud/coronavitus-por-que-no-ha-subido-la-natalidad-pesar-del-confinamiento
"
Existe una desigualdad en la administración de vacunas entre la población de Estados Unidos.

En Estados Unidos, la desigualdad también está presente en la distribución de vacunas.

El número de personas pertenecientes a minorías étnicas que fueron vacunadas en el país es significativamente inferior al de los estadounidenses blancos.

Y las zonas más ricas suelen recibir las dosis primero, según datos recientes de varias fuentes públicas y privadas.
 También lee: EU enviará a México dosis excedentes de vacuna contra Covid-19

La BBC analizó las cifras y las posibles razones detrás de las disparidades.

¿Qué muestran los números?

A pesar de tener aproximadamente el doble de probabilidades de morir de Covid-19, los hispanos y afrodescendientes estadounidenses están siendo vacunados a un ritmo mucho más lento que sus compatriotas blancos, según las cifras publicadas por los Centros para el Control de Enfermedades (CDC).



De los que recibieron su primera dosis, el 7.6% son afrodescendientes y el 8.7% son hispanos, a pesar de que estos grupos comprenden más del 13% y el 18% de la población estadounidense, respectivamente.

Es importante tener en cuenta que solo cerca de la mitad de los vacunados tienen registrado su origen étnico.

Y las poblaciones negras e hispanas son más jóvenes, por lo que es menos probable que se encuentren en los grupos de edad con prioridad en las fases iniciales del programa de vacunación.

Pero junto a otros informes, está claro que las vacunas para las personas pertenecientes a minorías están rezagadas con respecto a la población blanca.

Un estudio de la Kaiser Family Foundation (KFF) en los estados del país que informa datos de vacunación por etnia muestra que las personas blancas están siendo vacunadas en casi el doble de la tasa de los estadounidenses negros en promedio y significativamente más que eso en algunos estados.


""Lo que estamos viendo en este momento es una tendencia bastante consistente en todos los estados que muestra brechas en las vacunas para personas negras e hispanas, aunque el tamaño de esas brechas varía"", dice la directora del Programa de Política de Salud y Equidad Racial de KFF, Samantha Artiga.
 También lee: Por Covid-19, EU extiende cierre de frontera con México hasta el 21 de abril

Los blancos tienen más del doble de probabilidades de haber sido vacunados que los hispanoestadounidenses, en promedio, pero casi cinco veces más en Georgia y más de cuatro veces en varios otros estados.


¿Por qué está pasando esto?

""En muchas comunidades de color existe una desconfianza histórica en el gobierno e incluso en algunos sistemas de salud"", afirma el director ejecutivo de la Asociación Estadounidense de Salud Pública, Georges Benjamin.

Hay una historia de experimentación médica poco ética en los estadounidenses negros.

Getty Images
 
Existe una desconfianza histórica de la comunidad negra hacia el gobierno.

Por ejemplo, a partir de 1930 y durante varias décadas, 600 afrodescendientes fueron tomados como conejillos de indias sin su conocimiento en un experimento para observar cómo evolucionaba la sífilis si no era tratada, lo que pasó a la historia como el Experimento Tuskegee.
Y noticias engañosas en internet fueron dirigidas a personas pertenecientes a minorías étnicas, exacerbando los temores.

Una encuesta realizada en diciembre mostró que los afrodescendientes en particular eran mucho más propensos que los blancos a tener miedo a la vacunación, aunque se observó una mejora en esto en las pesquisas desde entonces.

Getty Images
 
Algunos hispanos tienen dudas en vacunarse.

Cuando se trata de hispanos son otros los problemas con la confianza. Según Benjamin, suelen estar preocupados por su estatus migratorio o sienten que puede ser identificados si van a vacunarse.

""En la mayoría de los casos (cuando te vacunas) tienes que anotar tu nombre y mostrar una identificación"", describe.
 También lee: Reinfección por Covid-19 es de apenas 0.65%, pero es más común en mayores de 65 años: estudio

""Y si no tienes una identificación, eso puede ponerte en riesgo, eso ciertamente juega un papel en la desconfianza"", añade.

¿Qué pasa con la riqueza?

""Particularmente en esta etapa temprana del proceso de vacunación, muchas de estas brechas reflejan el acceso diferencial a las vacunas"", dice Artiga.

""Depende del acceso a internet de alta velocidad para inscribirse en las citas, tener transporte para concurrir a un sitio de vacunación, tener flexibilidad en el trabajo y el horario de atención"", enumera.

Esto significa que las personas de los barrios más ricos y con más recursos a menudo se vacunan primero.

Y las personas que pertenecen a minorías étnicas en Estados Unidos son generalmente más pobres, con la tasa de pobreza entre los hispanos o estadounidenses negros dobla la de los blancos, según los datos más recientes del censo de Estados Unidos.

Getty Images
 
En los barrios más ricos de Nueva York se vacunó a más personas.

""Siempre supimos que hay una fuerte correlación con la riqueza y la salud, y esto ocurre con las vacunas para Covid"", dice Benjamin.

Tomando la ciudad de Nueva York como ejemplo, podemos ver que las áreas con un ingreso familiar promedio más alto recibieron más dosis.

Y este patrón se repite en muchas ciudades de Estados Unidos.
 También lee: Canadá vacunará a jornaleros mexicanos contra Covid-19, asegura la SRE

¿Qué acción se está tomando?

El gobierno de Biden prometió 250 millones de dólares para iniciativas de divulgación para fomentar la vacunación entre las poblaciones desatendidas.

También ahora están disponibles en áreas más pobres más dosis y centros de vacunación.

Y la brecha de vacilación sobre la vacuna en personas pertenecientes a minorías étnicas parece estar disminuyendo.

BBC

jabf 
",,https://www.eluniversal.com.mx/mundo/ser-hispano-de-raza-negra-o-pobre-dificulta-ser-vacunado-contra-covid-en-eu-revelan-cifras
"
En el segundo día de vacunación alrededor de 12 mil adultos mayores de 60 años recibieron la primera dosis contra el Covid-19, con lo que suman más de 23 mil en Coacalco, lo que representa más de la mitad de la población de la tercera edad de este municipio.
Durante este jueves fueron recibidas por las autoridades más de 6 mil dosis de la vacuna Sinovac, cantidad con la que se avanza en la meta de inocular a 40 mil residentes mayores de 60 años.
Este jueves funcionaron los 43 módulos de vacunación instalados en la explanada del palacio municipal, así como en la Unidad Médica 198 del IMSS, donde inició desde antes de las 8 horas la aplicación del antígeno.
Lee más: El miércoles comienza la vacunación para adultos mayores en Coacalco
El alcalde morenista, Darwin Eslava, informó que por segundo día consecutivo el ayuntamiento apoyó a los adultos mayores en su traslado a las sedes de vacunación, a través de unidades de transporte desde 12 distintos puntos del territorio municipal.
Más de 20 coacalquenses fueron trasladados en ambulancia desde su domicilio a la clínica 198 del IMSS donde se les aplicó su vacuna y posteriormente fueron llevados de regreso a su hogar.
El gobierno local ayudará a las personas de la tercera edad a registrarse previamente en la página www.mivacuna.salud.gob.mx, por lo que se deberán acercar a alguna de las dependencias del ayuntamiento para que sean inscritos.
Durante el primer día de vacunación más de 11 mil adultos mayores de 60 años recibieron el biológico chino Sinovac.

maot
",,https://www.eluniversal.com.mx/metropoli/suman-23-mil-adultos-mayores-en-ser-vacunados-contra-covid-en-coacalco
"
La Comisión Nacional Forestal (Conafor) informó que al momento se registran 51 incendios forestales activos en 15 estados del país, 10 más que los reportados el día de ayer, con una superficie preliminar afectada 8 mil 643 hectáreas.
Indicó que se tiene un total de 9 incendios liquidados, es decir, ya no representan un riesgo de propagación del fuego y para su atención se encuentran trabajando un total de mil 840 personas combatientes, entre personal de la Conafor y otras instancias.
De estos incendios forestales, cinco se presentan en Áreas Naturales Protegidas las cuales son el Área de Protección de Flora y Fauna Papigochi, municipio de Guerrero, en el estado de Chihuahua; dos en el Área de Protección de Recursos Naturales CADNR 026 Bajo Río San Juan, municipios de Arteaga y Galeana, en los estados de Coahuila y Nuevo León, respectivamente; así como en la Reserva de la Biósfera La Sepultura, municipio de Jiquipilas y en el Parque Nacional Cañón del Sumidero, municipio de Chiapa de Corzo, en el estado de Chiapas.
Lee más: Conafor reporta 41 incendios forestales; 8 están en áreas protegidas

Actualización incendios del norte

Precisó que hay un total de 643 combatientes forestales trabajando coordinados para controlar el incendio que abarca los municipios de Santiago, en Nuevo León, y de Arteaga, en Coahuila y que tiene una superficie afectada de 3 mil 250 hectareas.
Detalló que este personal pertenece a las brigadas oficiales, rurales y del programa Pago por Servicios Ambientales de Conafor, así como Sedena, Guardia Nacional, Protección Civil, Conanp, Búsqueda y Rescate y los municipios de Santa Catarina, San Pedro, García, Apodaca, Pesquería, Monterrey y Santiago.
“La Conafor, por su parte, ha movilizado personal de otras entidades para el apoyo de este siniestro: en ese sentido ya se encuentran trabajando combatientes de San Luis Potosí, Durango y Tlaxcala así como personal técnico especializado en manejo del fuego de Durango y Jalisco”, precisó.

maot
",,https://www.eluniversal.com.mx/nacion/conafor-registra-51-incendios-forestales-activos-en-15-estados-del-pais
"
Prólogo 1:
¿Y las vacunas, apá? ¿No que para estas fechas ya estaríamos vacunados todos los adultos mayores?
Sigan mintiéndonos que no les creemos.
Sra. Nahle: El motivo de escribirle mi Carta Semanal es para pedirle a nombre de todos los mexicanos que nos haga el gran favor de renunciar como secretaria de Energía.
En primer lugar, porque usted es una absoluta persona inepta para manejar una secretaría como la de Energía.
En segundo lugar, por su apasionada necedad de vivir en un socialismo del siglo pasado en el que cree que el Estado debe continuar siendo rector de todos los hidrocarburos.
En tercer lugar, por intentar hace un año con su famosa iniciativa Ley Nahle de regresar a México al siglo pasado cancelando todos los contratos que el sector privado tenía vigentes y dentro de la ley.
Iniciativa que, afortunadamente para nosotros los mexicanos, no pasó.
En cuarto lugar, por volver a intentar este año que su famoso bodrio de ley se convirtiera en reforma.
Mismo bodrio que afortunadamente no pasará.
En quinto lugar, no pasó gracias a dos jueces honestos, que la echaron para atrás.
En sexto lugar, porque si su maldito proyecto hubiera salido adelante, los mexicanos más humildes habrían pagado 17% más caro el servicio de la luz.
En séptimo, octavo, noveno y décimo lugar, le EXIGIMOS QUE RENUNCIE por insistir en continuar manejando las energías SUCIAS.
Solamente a personas tan ignorantes como usted, se le ocurre privilegiar el manejo de estas energías en lugar de energías limpias.
Todo el mundo civilizado ya las desechó y usted insiste –supongo por ignorante– en una regresión.
En onceavo lugar, le pedimos que se largue de esa Secretaría por FALTA DE DIGNIDAD al apoyar al presidente con la construcción de una refinería en Dos Bocas Tabasco, cuando es conocido por todo el mundo que la gasolina y los productos que se producen en esas basuras de refinerías, dejarán de usarse en 10 años.
En doceavo lugar, se tiene que ir porque ha manejado Pemex con las patas.
De por sí, cuando Peña Nieto terminó su gestión, Pemex ya estaba quebrada, ustedes lograron el milagro de lo imposible… ¡SUPERQUEBRARLA!
En treceavo lugar, también se tiene que despedir de su puesto, porque también permite que manejen a la CFE con las patas.
En 14vo lugar se tiene que ir por la donación de contratos SIN LICITACIÓN a su querido compadrito en el proyecto de la refinería de Dos Bocas. Contratitos sin licitar arriba de los 750 MILLONES DE PESOS.
Y en quinceavo y último lugar, se tiene que ir por su falta de valores. Su nula ética. Su cero preparación profesional. Su desprecio al sector privado. Su amor al socialismo de antaño. 
Y también… 
Por su amor a Tiffany's y las demás joyerías de lujo. 

[email protected] 
",,http://www.eluniversal.com.mx/opinion/carlos-alazraki/carta-dirigida-rocio-nahle-hagale-un-favor-mexico-y-renuncie
"
Mientras la Sección Instructora de la Cámara de Diputados avanza en el juicio de procedencia en contra de Francisco García Cabeza de Vaca, y los legisladores federales se preparan para escuchar este viernes los testimonios e informes de Santiago Nieto, de la UIF, y de Carlos Romero, de la Procuraduría Fiscal, dos de los arietes de la 4T que sostienen la denuncia de la FGR contra el gobernador de Tamaulipas, en el ámbito jurídico y constitucional aún no se resuelve el debate sobre quién tiene la última palabra para que el Ministerio Público Federal pueda detener y procesar penalmente al mandatario panista.
 
Si bien en la Fiscalía General de la República sostienen la tesis defendida por varios juristas y constitucionalistas importantes, de que en cuanto la Cámara de Diputados apruebe por mayoría el desafuero, ellos podrán proceder de inmediato para solicitar a un juez la detención de Cabeza de Vaca, lo que se calcula ocurriría en dos meses y medio, es decir a finales de mayo próximo, en Tamaulipas, tanto en la oficina de gobernador como en el Congreso Local, se sienten seguros porque afirman —como también lo hace otra corriente importante de abogados y juristas de renombre— que aun cuando la Sección Instructora y la mayoría del pleno de San Lázaro declaren el juicio de procedencia, la decisión federal tendrá que ser enviada a los diputados locales para que ellos decidan, en otra votación, si proceden o no las acusaciones contra el mandatario tamaulipeco.
 
El debate constitucional y legal aún no resuelto no es algo menor, pues dependiendo de la posición que se tome se generan distintos escenarios en este juicio de procedencia contra un gobernador en este caso de oposición. Por ejemplo, si la FGR decide hacer valer su punto de vista y procede con base en él, en cuanto la mayoría morenista declare la procedencia de las acusaciones, entonces veríamos en mayo un operativo federal para detener, probablemente en el Palacio de Gobierno o en su casa de Ciudad Victoria a Cabeza de Vaca, en algo que sería histórico y que provocaría sin duda una confrontación política y hasta de fuerza entre la Federación y el estado de Tamaulipas por la resistencia que opondrían en la entidad a esa posible orden de detención.
 
Por el contrario, si el Congreso de Tamaulipas decide hacer valer su posición, azuzado por el propio gobernador panista, entonces veríamos un segundo procedimiento de votación entre los diputados locales en el que claramente la mayoría panista de legisladores locales declararía improcedente el desafuero y las acusaciones en contra del Ejecutivo de su estado, con lo cual también habría confrontación no sólo con la FGR y el gobierno federal sino con la Cámara de Diputados que reclamaría su supremacía constitucional.
 
Un tercer escenario posible en este caso es que, en medio del choque de posiciones y ante una controversia de tipo constitucional, el tema llegue hasta la Suprema Corte de Justicia y esta tenga que resolver el debate sobre constitucionalidad, lo que supondría esperar varios meses a que los ministros recibieran los posibles recursos o acciones de inconstitucionalidad de las partes, los aceptaran y los discutieran en el pleno para dar un fallo que termine con las dudas que hoy genera el artículo 111 de la Constitución que establece la facultad de la Cámara de Diputados para declarar el juicio de Procedencia y la legislación secundaria que regula ese artículo que es la Ley Federal de Responsabilidades de los Servidores Públicos.
 
En ese caso la detención de Cabeza de Vaca tendría que esperar una resolución de la Corte y mientras eso ocurre transcurrirían las elecciones federales y locales del 6 de junio que aparecen también de fondo y como contexto de todo este proceso. Ya se vería, en caso de que ocurriera este último escenario, el efecto que tendría todo este proceso de acusación y desafuero en contra del gobernador panista de Tamaulipas y si el tema beneficia a Morena, como algunos piensan que es el cálculo, o si por el contrario el dominio del PAN y del gobernador se fortalece en Tamaulipas ante la amenaza federal al mandatario local.
 
Pero en medio de todo el debate y de los escenarios que se advierten, hay abogados que han empezado a mencionar un artículo, el 28 de la citada Ley Federal de Responsabilidades de los Servidores públicos que reproduce las partes sustantivas del 111 Constitucional pero en el párrafo relativo al procedimiento de desafuero de servidores públicos locales (el gobernador, entre otros) reproduce el texto constitucional de que la declaración aprobada por la Cámara ""tendrá el efecto de que se comunique a la Legislatura de los estados para que en ejercicio de sus atribuciones procedan como corresponda (eso es igual a lo que dice la Constitución, pero agrega) y, “en su caso, ponga al inculpado a disposición del ministerio público federal o del órgano jurisdiccional respectivo"".
 
Esa última frase, contenida en el artículo 28 de la ley secundaria, cuando dice “en su caso ponga al inculpado a disposición del Ministerio Público Federal o del órgano jurisdiccional respectivo” le daría, según la interpretación, la facultad al Congreso local de tomar la decisión final y decidir, en una segunda votación, si “en su caso” proceden las acusaciones contra el gobernador Cabeza de Vaca y si debe o no ser puesto a disposición de las autoridades correspondientes.
 
Este agregado que hace la ley reglamentaria clarifica con precisión que sí debe haber una segunda parte del procedimiento a nivel local y que quien debe  —en su caso—  poner a disposición de la FGR al gobernador no es la Cámara de Diputados federal sino el Congreso local y se trata de una ley aprobada por el Congreso de la Unión, la Cámara de Diputados incluida, desde fines de diciembre de 1982  (hace 38 años en el gobierno de Miguel de la Madrid), de manera que ahora la Cámara no podría reclamar una competencia propia que no reclamó cuando se aprobó esa ley.
 
Veremos cómo avanza el juicio de procedencia y cómo se decantan los distintos escenarios en un caso que se volverá paradigmático y en el que la pregunta aún sigue en el aire, ¿caerá o no la Cabeza de Vaca?

NOTAS INDISCRETAS…
Con más presión presidencial que claridad, en Campeche las autoridades estatales anunciaron el plan para un regreso a clases presenciales en las escuelas de educación básica en cuanto pasen las vacaciones de Semana Santa. El plan que contempla una serie de medidas sanitarias, comienza con un programa de “asesorías académicas” para los estudiantes, más que clases presenciales, y cuando se trata de explicar la ruta académica que seguirán en este regreso a clases, el programa de la Secretaría de Educación de Campeche no tiene ninguna claridad ni puntualiza exactamente cuáles son los rezagos educativos y académicos que atenderán los maestros para tratar de revertir el daño y el retraso que han sufrido los niños durante el año que han tenido que tomar las clases a distancia o por la televisión. Es decir, que mientras la SEP y su nueva titular, la maestra Delfina Gómez, no tienen un plan ni una ruta clara para el regreso a clases presenciales, y la maestra Gómez anda más preocupada por recortar personal y cumplir con la “austeridad republicana”, la realidad es que el momento para que los niños regresen a las aulas a tomar clases presenciales en todo México se ve cada día más lejano, y los programas piloto que inician en Campeche se están haciendo con más voluntarismo que claridad académica y educativa... Por cierto, antes de que se fuera a Washington, donde ya despacha como embajador, a Esteban Moctezuma le había encargado el Presidente dejar listo el plan para el regreso a clases presenciales en Campeche. A juzgar por el programa tan impreciso e incompleto que están anunciando las autoridades campechanas, se ve que don Esteban no hizo la tarea y que su sucesora, la maestra Delfina, nomás no parece considerar una prioridad un regreso a clases porque trae la mira puesta en otros objetivos ideológicos de la 4T… Al diputado panista de Michoacán, Javier Estrada, lo desconocieron ayer hasta su propio partido, luego de que el coordinador de los diputados blanquiazules en el Congreso de Michoacán fuera grabado diciendo que no estaba de acuerdo con la revisión de los gastos de los diputados que realizó la Auditoría Superior de la Federación de Michoacán. “El dinero público yo me lo puedo gastar como quiera y con quien quiera, hasta con putas si quiero”, dijo el coordinador panista en el Congreso local. Ayer el CEN del PAN y sus propios compañeros de bancada en el congreso michoacano pidieron su destitución, no sólo por su tono machista y misógino, sino por la forma en que el legislador concibe el ejercicio de su representación popular. En el fondo también Estrada dejó en ridículo no solo a la política, sino a la imagen de puritanos y moralinos que históricamente tienen los panistas… Se baten los dados. Serpiente.
",,http://www.eluniversal.com.mx/opinion/salvador-garcia-soto/caera-o-no-caera-la-cabeza-de-vaca
"
Había un coche en llamas y a un lado dos cuerpos calcinados. 8 de diciembre de 2020 en la colonia Mártires de Río Blanco, en Gustavo A. Madero. Se determinó que las víctimas eran un hombre y una mujer. Los cadáveres permanecieron una semana en calidad de desconocidos.
Finalmente, se les identificó. Él era un expolicía de la Secretaría de Seguridad Ciudadana; ella, su pareja sentimental. El agente había estado encargado de vigilar puntos de venta de droga en esa alcaldía. En los últimos tiempos se dedicaba al comercio informal, por lo que no se descartó que se tratara de un asunto relacionado con “cobro de piso”.
Con aquellos cuerpos calcinados llegaba a su fin un año de continuas ejecuciones y ataques directos en Gustavo A. Madero. En agosto, “sin mediar palabra”, les habían metido más de 20 tiros a dos hombres en San Bartolo Atepehuacan. Bajo esos disparos dos personas más habían resultado heridas de gravedad, e incluso un perro que se hallaba en la calle murió bajo las balas. Los vecinos señalaron que en el lugar donde ocurrieron los hechos se hallaba un punto de venta de droga.
En el mes de septiembre, otra vez “sin mediar palabra”, sicarios a bordo de una motoneta asesinaron en la colonia Defensores de la República a dos mujeres que convivían en una noche mexicana. “Les dispararon hasta verlas caer”, según testigos.
El mismo mes un hombre de 47 años y su hijo de 12 fueron interceptados por los tripulantes de una Dodge Ram, en la colonia Ampliación Gabriel Hernández. A él lo cosieron a tiros. El niño intentó correr y fue alcanzado por las balas a 30 metros del vehículo en el que murió su padre.
Entre agosto de 2020 y enero de 2021, según el conteo de Lantia Intelligence, ocurrieron en Gustavo A. Madero 55 ejecuciones. En ese lapso hubo en toda la ciudad 278. Solo en el mes de octubre se reportaron 59.
Detrás de Gustavo A Madero, las alcaldías con mayor número de ejecuciones fueron Iztapalapa (en esos seis meses se registraron 53), Cuauhtémoc (38), Tlalpan (23), Venustiano Carranza (22) y Miguel Hidalgo (17).
En el semestre reportado por la consultora, las ejecuciones en las alcaldías más conflictivas —Gustavo A. Madero, Iztapalapa y Cuauhtémoc— registraron un incremento de 13%.
En el semestre anterior –entre febrero y julio de 2020-- habían ocurrido en calles de la ciudad otras 302 ejecuciones.
Un total de 580 a lo largo de un año.
Una de las ejecuciones más dramáticas ocurrió el 16 de enero de 2021, la noche en que cinco hombres de entre 28 y 41 años fueron asesinados a tiros en la alcaldía Miguel Hidalgo. Según reportes, entre las víctimas se hallaba un hombre conocido como El Robert, presunto integrante de la Unión Tepito.
Agentes de la fiscalía hallaron los cuerpos “recostados en la calle, y con visibles manchas hemáticas”. Intentaron entrevistar a familiares y vecinos, pero estos se negaron a proporcionarles información. Solo se tuvo en claro que se había tratado de una agresión directa.
En esa misma alcaldía –Río San Joaquín e Ingenieros Militares– se volcó dos días más tarde una camioneta Hyundai que circulaba a exceso de velocidad. Elementos de la SSC descubrieron que la unidad poseía un doble fondo y que ahí había cerca de 500 tabiques de cocaína.
Dos semanas después, en el Fraccionamiento Coapa Super 4, de Tlalpan, elementos de la Sedena, la SSC y la fiscalía capitalina lograron el decomiso de otros 800 kilos de cocaína, el más grande en la última década, según se estimó, y cuyo valor aproximado sería de 11 millones de dólares.
Los impresionantes volúmenes de droga decomisados en enero y febrero permiten entender como nunca antes la dimensión del mercado que se están disputando los grupos delincuenciales de la ciudad de México. Esos volúmenes explican las ejecuciones, las “agresiones directas”, los asesinatos “sin mediar palabra” que en el periodo reportado sacudieron las calles de la capital. 
",,http://www.eluniversal.com.mx/opinion/hector-de-mauleon/droga-y-ejecuciones-en-la-ciudad-de-mexico
"

Las pruebas que se aplican en los principales destinos turísticos del país para detectar casos de Covid-19 entre visitantes extranjeros no cuentan con un control homologado de las autoridades sanitarias, como dejó en evidencia el caso de los jóvenes argentinos que dieron positivo al regresar de México a su país, a pesar de que en Cancún dieron negativo.

EL UNIVERSAL preguntó a las autoridades de Oaxaca, Los Cabos, Puerto Vallarta y Acapulco sobre los protocolos para la realización de pruebas PCR y de antígenos —que son las que solicitan Estados Unidos y Canadá— y encontró que en cada entidad hay normas distintas para acceder a los exámenes.

Los aeropuertos y hoteles eligieron los laboratorios con los que trabajan y en todos los casos se dice que están certificados por las autoridades sanitarias; sin embargo, no hay un regulador a nivel nacional que supervise los lugares y las pruebas que se aplican a turistas.

El gobierno federal cuenta con una lista de 129 laboratorios, hospitales y centros de investigación en todo el país con reconocimiento por parte del Instituto de Diagnóstico y Referencia Epidemiológicos (InDRE) para realizar el diagnóstico de Covid-19, con fines de vigilancia epidemiológica, pero en la mayoría de los casos los hoteles y aeropuertos no dan a conocer los nombres de las empresas con las que trabajan.
 También lee: Clausuran laboratorios de Cancún donde argentinos se practicaron pruebas Covid

Ayer, la Fiscalía General de Quintana Roo clausuró los laboratorios Marbu Salud, los cuales practicaron pruebas con resultados negativos a los argentinos.

Aunque en una imagen difundida en Twitter aseguraban ser “avalados por la Cofepris”, el subsecretario de Salud, Hugo López-Gatell, dijo el lunes pasado que el laboratorio no tenía “autorización técnica para operar” por parte del InDRE.

Mientras que en Los Cabos, Baja California Sur, hay hoteles que cuentan con módulos para la aplicación de la prueba de antígenos, en la capital de Oaxaca es responsabilidad del turista buscar un lugar donde ofrezcan pruebas rápidas.

Es más, en esa ciudad no hay una lista de sitios autorizados para que un turista extranjero pueda acudir a realizarse el test.
 También lee: Científicos mexicanos crean prueba que detecta el Covid-19 y la influenza

“Es responsabilidad de cada pasajero traer ya listo este requisito para hacer la documentación a su respectivo vuelo.

“En el caso de Oaxaca, la mayoría, hasta 98% de pasajeros, ya trae el resultado de su prueba previamente hecha antes de llegar al aeropuerto”, explicó Juan Pablo García-Luna, administrador del Aeropuerto Internacional de Xoxocotlán. La opción para los turistas es el módulo de Laboratorio San Francisco que está en el aeropuerto, donde la prueba cuesta 700 pesos.

El personal afirma que cuentan con todos los permisos sanitarios y que aplican sólo pruebas aprobadas por la Cofepris.

En contraste, en Los Cabos alrededor de 80 hoteles ofrecen el servicio de pruebas para detectar el Covid-19 y se pueble incluir desde la reservación.

Lilzi Orcí, presidenta de la Asociación de Hoteles de Los Cabos, indicó que desde el 26 de enero los turistas que viajan de vuelta a Estados Unidos se pueden realizar la prueba de antígenos tanto en su hotel como en el aeropuerto y se agenda dos días antes de que salga su vuelo. Explicó que cada hotel definió los laboratorios con los que trabajaría; dijo que todos están certificados por las autoridades sanitarias. Se pidió la lista de los laboratorios a la Secrataría de Salud y no respondió.
 También lee: Moderna comienza pruebas de su vacuna antiCovid en niños

En La Paz, los turistas cuentan con un listado de laboratorios que, según autoridades locales, también están cerfiticados.

En Puerto Vallarta, 16 hoteles ofrecen un servicio gratuito de pruebas de antígenos; otros 32 ofrecen costos especiales para esa prueba y la PCR. También pueden acudir al módulo que está en el Aeropuerto Internacional de Puerto Vallarta. Además, el Fideicomiso Público para la Promoción y Publicidad Turística local publicó en su portal una lista con 16 laboratorios autorizados.

En Acapulco, Guerrero, el Aeropuerto Internacional Juan Álvarez tiene un módulo para pruebas de Covid por 579 pesos. El secretario de Turismo de Acapulco, José Luis Basilio, dijo que desconoce qué laboratorio hace pruebas, porque es un “convenio” que concretó Grupo OMA, que opera el aeropuerto.
",,http://www.eluniversal.com.mx/estados/sin-controles-pruebas-de-covid-para-viajeros
"
Grupo Autofin México y Grupo Mundo Imperial anunciaron la reactivación de obra para un nuevo estadio tenístico y de usos múltiples, proyecto con el que buscan contribuir al desarrollo de la Riviera Diamante Acapulco.
En el marco de la vigésima octava edición del Abierto Mexicano de Tenis (AMT), se dio a conocer que la obra llevará por nombre Arena GNP Seguros y se destacaron las acciones y avances que hasta el momento tiene la construcción del estadio, mismo que estará listo para ser la sede del AMT del 2022.
Se informó que dicho proyecto es de gran importancia para ampliar el turismo deportivo en el estado de Guerrero, ya que sus instalaciones de primer nivel y tecnología de punta lo colocarán como en recinto ideal para recibir eventos de talla internacional debido a que ademas del Abierto Mexicano se podrán realizar conciertos, espectáculos y otros eventos.
Por lo anterior, Grupo Mundo Imperial anunció su unión con GNP Seguros para dar continuidad al estadio ya que, señaló, la creación de este tipo de alianzas logran incentivar a que exista un mayor crecimiento a nivel nacional, lo que motiva a que más empresas apuesten por México.
El conjunto del nuevo estadio cuenta con una inversión de 30 millones de dolares, así como la generación de 150 empleos directos y hasta 400 indirectos, lo que ayudará a impulsar el crecimiento económico de Acapulco. Hasta el momento el proyecto cuenta con un avance del 24 por ciento.
Tendrá un espacio para más de 10 mil espectadores más 213 lugares para personas con capacidades diferentes, así como fácil acceso a todas las áreas.
El diseño arquitectónico de la Arena GNP está a cargo de Moyao Arquitectos y se encuentra ubicado en paseo de los Manglares y Boulevard de las Naciones.
Será este viernes cuando se dé el banderazo de reactivación, con la presencia del gobernador Héctor Astudillo, la alcaldesa de Acapulco, Adela Román, así como directivos de Grupo Autofin México y Grupo Mundo Imperial, entre otros. 
rcr
",,https://www.eluniversal.com.mx/estados/anuncian-reactivacion-de-obra-para-nuevo-estadio-en-acapulco
"
Es curioso, aún existen muchos que apuestan a un régimen que caerá por su propio peso, rebasado por la realidad, rendido contra las cuerdas ante el fracaso económico, de seguridad y de polarización social que ahogará a la sociedad mexicana en algunos pocos años.
Lo curioso resulta en los ciudadanos que apuestan a ese giro del destino, no están errados. 
Sí, eso pasará en México: nuestra economía será más pequeña, habrá, en síntesis, más hambre y sí, también tienen razón, la violencia será algo constante y, sí, para colmo, las oportunidades se evaporarán casi por completo en una o dos o hasta tres generaciones. Sí, seremos un país fracasado.
Pero, lo que aún no queda claro a estos ciudadanos es la realidad de hoy.
La mayor parte de México vive en estos momentos en la miseria, la cosa estaba muy mal desde hace mucho tiempo y no ha parado de empeorar pero lo que el régimen ha logrado es, simplemente, empatizar con la realidad, ha logrado lo que el periodo neoliberal, simplemente, nunca pudo: vender una esperanza.
Esa esperanza, para la ciencia y para la técnica es imposible, irrisoria incluso, sin embargo existe en el discurso nacional y eso, aunque duela, es lo único que queda cuando se está muriendo de hambre.
Esperanza. Es la esencia de la 4T. Esperanza de un futuro distinto.
Y la razón es simple: a este país se le ha dañado tanto, que lo único que nos queda es, para la mayoría, eso, simple esperanza.
Tenía razón Carlos Loret cuando hace algunos días, decía en su espacio de internet que este es, simplemente, el gobierno de palabras.
Cuando la realidad vive arrebujada de tragedia con soluciones de largo plazo que no podrán ni verse ni disfrutarse, lo único que queda es eso, palabras.
Por eso es que hoy ser ciudadano es tan importante, entendernos como una colectividad que tiene que dar la mano al de abajo, al más necesitado, al que no tuvo las oportunidades que otros sí y al que la marginación llenó de resquemores, quizá legítimos, contra quien pudo salir avante.
Porque, ser ciudadano es también ser un voto. 
Y en una democracia, todos los votos cuentan, aunque la mayoría de ellos apueste solo a la venganza. 

De Colofón
El presidente ha perdido el piso, ¿cómo hacemos para convencer de que existe otro camino?, si seguimos en la polarización estamos jugando su juego. Es hora de ser ciudadanos. 
",,http://www.eluniversal.com.mx/opinion/luis-cardenas/ser-ciudadano
"
Los partidos son las células desde donde la paridad de género se promueve o se obstaculiza. En el caso de los partidos mexicanos, de acuerdo con el diagnóstico Atenea, realizado por ONU-Mujeres y el PNUD: sólo 3 partidos de 9 cuentan con regulación explícita en sus estatutos sobre el tema de la participación igualitaria. Además, registró que las mujeres en las máximas instancias de los partidos representan apenas 25.4%. Por otro lado, la disparidad en la entrega de recursos es insultante: en el rubro de autofinanciamiento de las campañas, sólo 33% de los recursos es asignado a mujeres.
Uno de los mayores retos que enfrentan actualmente las mujeres en sus partidos, es la decisión que toman las cúpulas directivas para permitirles la reelección cuando es el caso o para incorporarlas como candidatas. El hecho de ser feministas y tener causas irrenunciables, las coloca en una cuerda floja. En Morena, particularmente después de la batalla que dieron varias mujeres con el lema #unvioladornoserágobernador para evitar la candidatura de Félix Salgado Macedonio, es aún más evidente.
Lorena Villavicencio me comparte que sus posturas pueden tener implicaciones: “Ejerzo mi libertad de expresión y eso incomoda a algunos. Soy de las pocas diputadas que ha exigido se retire registro a Félix Salgado Macedonio y espero ello no implique un veto para nosotras. Lo digo con claridad. Si no soy candidata a diputada federal es porque me vetaron por ser congruente y expresar mis ideas con libertad, siempre defendiendo mis causas, todas ellas de izquierda, feministas y garantistas”.
Por su parte Wendy Briceño me comenta: “Como aspirante no espero apoyo, sino reglas claras, información clara, procesos transparentes y, como llaman, suelo parejo para todas las aspirantes”. Considera que Morena es progresista y advierte: “Siendo congruente con mi feminismo, no creo en pedir permiso a las cúpulas, ni el aval incondicional a todo lo que se decide al interior del partido, y eso lo he dejado claro con mis actos y palabras; sí creo en el respeto y en la camaradería con compañeros y compañeras militantes”.
Lucía Rojas feminista, lesbiana y diputada federal sin partido desde 2018 quien es de las congresistas que más auténticamente ha defendido en tribuna la equidad y ha dado la batalla contra la violencia de género, podría reelegirse de no ser por las reglas que colocan a los partidos como filtro de la reelección. Es el ejemplo más claro de una política entregada, que no rinde cuenta a las cúpulas. Cuando le pregunto si será promovida para reelegirse, me responde que Movimiento Ciudadano no le dio condiciones dignas de competencia, que esos espacios se reservan para los mismos de siempre.
La paridad en los espacios públicos avanza gradualmente gracias a reformas legislativas impulsadas en los últimos años. A principios de los 90, de cada diez candidatos una era mujer, ahora casi 5 de diez candidaturas son de mujeres.
En 2014, se dio un primer gran paso con la reforma constitucional que establece que los partidos deben garantizar que al menos la mitad de sus candidaturas en las legislaturas sean ocupadas por mujeres. Además, en 2019 se aprobó la reforma constitucional de “Igualdad en Todo” que impulsó paridad en organismos autónomos y candidaturas unipersonales, así como en las gubernaturas. De modo que los partidos postularán al menos siete candidatas mujeres de las 15 gubernaturas que estarán en disputa en las elecciones de junio de 2021.
Las resistencias siguen latentes. Ya que el nivel de participación de mujeres aún no se ha visto reflejado en puestos para las candidaturas unipersonales. Hasta hoy solo nueve mujeres en México han sido gobernadoras y dos de ellas fueron interinas. 
",,http://www.eluniversal.com.mx/opinion/maite-azuela/en-riesgo-candidaturas-de-mujeres-contra-la-violencia-de-genero
"
Las novatadas que el gobierno de Andrés Manuel López Obrador ha tenido en buena parte de la administración pública harán crisis en el sector salud, con un desabasto de medicamentos sin precedente en la historia del país.
Por increíble que parezca, ni el Instituto de Salud para el Bienestar (Insabi) ni la Oficina de Naciones Unidas de Servicios para Proyectos consideraron el proceso de distribución en su mega compra de medicamentos, por lo que no se han podido llevar hasta los centros de salud pública los fármacos que ya se compraron.
Fuentes cercanas a esta operación aseguran que en la ecuación de Juan Antonio Ferrer, director del Insabi, y de Guiseppe Mancinelli, de la UNOPS, el traslado de insumos médicos a clínicas y hospitales del sector salud correría a cargo de la distribuidora del gobierno federal Birmex, de Pedro Zenteno, pero no contaban con que el organismo creado para esos fines estuviera saturado para estas fechas con la distribución de vacunas anticovid, un proceso que tampoco se ha realizado bien, a la luz de los reportes sobre lotes de antígenos en descomposición.
Ante este golpe de realidad, el Insabi y la Secretaría de Salud, que encabeza Jorge Alcocer, han prometido la contratación de por lo menos 11 proveedores del servicio de logística que deberán distribuir 320 millones de unidades de fármacos que se adquirieron con los laboratorios de innovación, y que representan apenas 20% de la compra consolidada, es decir 570 claves de fármacos de patente o de fuente única.
Luego vendrá un proceso todavía más retador para la estrategia de logística. Se trata del traslado de mil 600 millones de unidades de genéricos que representan 80% de la compra de medicamentos del sector público, distribuida en otras casi 500 claves que se comprarán en las próximas semanas principalmente con laboratorios mexicanos, a pesar de que el objetivo de contratar a través de UNOPS era prácticamente dejar fuera a los nacionales y dar entrada a laboratorios de países como India o Argentina, que prometían costos más bajos.
La idea de un mercado plagado de corrupción, en el que las empresas distribuidoras o especialistas en logística no eran más que “intermediarios” o “acaparadores” que encarecían el producto final, llevó a Andrés Manuel López Obrador y a la otrora Oficial Mayor, Raquel Buenrostro —apoyados por el flamante subsecretario de Salud, Hugo López Gatell—, a desarticular la cadena de suministro de medicamentos.
Ahora, casi dos años después, ante la posibilidad de que las clínicas y hospitales que dan servicios de salud a sectores vulnerables se queden sin medicamentos, el Insabi trata de recrear esos formatos de distribución en las mismas condiciones y prácticamente con los mismos actores.
Se preparan entonces para resolver la emergencia empresas antes señaladas por este gobierno de presunta corrupción, como Dimesa, de Carlos Álvarez Bermejillo, y Maypo, de Carlos Arenas; ésta última, muy activa todavía en las contrataciones de los institutos de salud, principalmente en el IMSS, de Zoé Robledo, con 127 contratos en 2021 por más de 114 millones de pesos.
También se vislumbra el regreso —con otra razón social, por supuesto— de la polémica Savi Distribuciones, de Francisco Villela y Javier Salazar, quienes habrían puesto ya más que un pie en las licitaciones del gobierno, con un contrato por 325 millones de pesos para entregar 100 mil pruebas rápidas de Covid-19 al Seguro Social, en un contrato que estará vigente hasta el 31 de diciembre del 2021.
El único escenario que podría evitar una crisis de distribución es que los medicamentos prácticamente no sean comprados, algo que tampoco suena descabellado si se da seguimiento al rumbo que ha tomado el proceso de contratación. El desabasto y la crisis de salud están a la vista.

México y EU, dos realidades
La debacle económica que detonó en el mundo el Covid-19 comienza a desvanecerse y debajo del polvo salen a relucir los países que enfrentaron de mejor manera la crisis. Estados Unidos, cuyo manejo de la pandemia en la era de Donald Trump fue muy malo, ejecutó una estrategia agresiva de estímulos económicos que amortiguó la caída en 2020 y que disparará el crecimiento en 2021.
Ayer la Reserva Federal del país que ahora gobierna Joe Biden estimó que, luego de la caída de 3.5% que tuvo su economía el año pasado, en 2021 se recuperará el PIB hasta 6.5%; es decir que prácticamente retomará los niveles previos a la crisis del Covid-19. Una tasa de crecimiento de 6.5% para la economía estadounidense es histórica si se toma en cuenta que el promedio de expansión de los últimos 10 años fue de 2.3%.
Del lado de los países que gestionaron pésimamente la crisis sanitaria y económica está México, con una política contracíclica prácticamente inexistente que ocasionó una caída de 8.5% del PIB en 2020 y que este 2021 podría traer un rebote de entre 5% y 5.5%, según los pronósticos de la Secretaría de Hacienda. Lo paradójico de esa mejor perspectiva del gobierno, que hace unas semanas esperaba un aumento de 4.6%, tiene que ver con la acelerada recuperación de Estados Unidos.
Joe Biden propuso al Congreso un paquete de estímulos por 1.9 billones de dólares, con lo que logrará una recuperación rápida del consumo y con ello de la demanda de productos del exterior. México es su segundo principal socio comercial, por lo que los sectores agroalimentario y manufacturero repuntarán mucho más rápido que el sector más importante para la economía y el mercado interno: los servicios, donde se encuentran el comercio, el turismo, los restaurantes y otras industrias clave.
Un estudio de Bank of America expone que si bien desde la firma del Tratado de Libre Comercio de América del Norte, y ahora con el T-MEC, ambas economías habían estado sincronizadas en su crecimiento, la crisis del Covid-19 y la respuesta diferenciada de los dos países aumentará la brecha entre los socios comerciales.
Y ahora sí México estará tan lejos de una sólida recuperación, pese a estar tan cerca de Estados Unidos.

Logística: empresas van por crecimiento
El sector de logística y distribución logró sortear la crisis económica de 2020 debido al crecimiento que tuvo el comercio electrónico en los meses de confinamiento. Por esta razón, y ante el panorama de recuperación que se prevé en 2021, las empresas dedicadas a este negocio planean acelerar sus inversiones.
Una de estas empresas es Redpack, filial de la única empresa del sector que cotiza en la Bolsa Mexicana de Valores: Traxión, encabezada por Aby Lijtszain. La firma inició 2021 con casi 800 unidades para atender las entregas de última milla, canal que le generó ventas por 316 mil millones de pesos en 2020 y ya representa 65% de sus ingresos.
Redpack inyectará 57 millones de pesos a la compra de 100 unidades nuevas, además de otro tanto en la capacitación de sus colaboradores, quienes acumulan más de 9 mil horas de talleres teóricos y prácticos en los últimos dos años.

 Twitter: @MarioMal[email protected]
",,http://www.eluniversal.com.mx/opinion/mario-maldonado/insabi-unops-y-amlo-detonan-crisis-en-salud
"
No se puede gobernar a base de impulsos de una voluntad caprichosa, sino con sujeción a las leyes.  
—Benito Juárez
El conflicto entre el Presidente de la República, que no de todo su gobierno, y el Poder Judicial, por el amparo provisional a la Ley de la Industria Eléctrica, es de máxima gravedad. Primero, por sus implicaciones para las políticas energética y económica de México. Segundo, mucho más trascendente, por lo que revela del estado de ánimo de AMLO, en su lucha desenfrenada por concentrar poder. Atiendo lo segundo.
Desde la marcha de marzo 8, la barrera de acero en torno a Palacio ha exhibido la desconexión y la soledad del Presidente con la gente y el mundo. En ese proceso de aislamiento nos hunde a los mexicanos. La ONU ya quedó en florero. Los Estados Unidos de América en teleconferencia. Canadá en lista de espera. Europa ya no es referente. España en la conquista eterna. Asia está muy lejos. El cambio climático sólo interesa por Biden. El feminismo es un invento de los conservadores. Al cambio tecnológico hay que contenerlo. Se trata de un tsunami empequeñecedor, de sentirse bien en un rincón, de no mirar para arriba sino hacia la esquina. Y un empujón más: “el Estado de derecho es una excusa de la oligarquía para preservar sus intereses, y seguir violando la Constitución y las leyes”, espetó AMLO en su carta al Presidente de la Suprema Corte de Justicia de la Nación.
Al cruzar esa línea, AMLO se confirma como un autómata del populismo, pues el conflicto entre los caudillos populistas y las cortes supremas es bien conocido. “El antagonismo de los gobiernos populistas hacia las cortes supremas es una cuestión de registro histórico, empezando por el peronismo, ... los hechos en Venezuela, Israel, Hungría, Turquía y Polonia muestran su daño al gobierno democrático... Una característica importante del populismo es que, incluso estando en el poder político, los líderes populistas (y sus seguidores) se imaginan a sí mismos aún fuera de éste y opuesto a éste, luchando contra lo que comúnmente llaman el Estado profundo (deep state) y sus instituciones heredadas: la burocracia, los servicios de seguridad, la plutocracia y, generalmente, también las cortes” (Andrew Arato, Populisms and the Courts, NYC).
¿Qué puede esperar México con un Presidente de la República que derruye el Estado de derecho? El grado de indefensión de los mexicanos en lo que resta de este sexenio alcanzó su máximo antes de la elección de medio periodo. “Al identificar la voluntad genuina del pueblo con la de sí mismo, el líder populista inevitablemente ve la intervención de las cortes como una acción ligada al trabajo secreto de un enemigo oligárquico o del Estado profundo, o de un poder externo” (Arato).
De continuar esto así,  “incluso el intento de defender derechos individuales por medio de las cortes se vuelve superfluo, pues los miembros del pueblo ‘auténtico’ presuntamente no requieren derechos contra sí mismos, y a sus enemigos no debe dárseles derechos para oponerse a la voluntad soberana” (Arato).
Con justa razón, el arresto del Presidente de la República ha recibido una amplia condena y rechazo en México y fuera del país, aunque esta última no le importe. Sin seguridad jurídica, la perspectiva de una convivencia pacífica se desvanece. Sin Estado de derecho no hay límites y prospera el “todos contra todos”. El orden jurídico internacional no sirve de contención o contrapeso ante la carencia de “rule of law”, cuando se está sumido en el parroquialismo más rudimentario, como México ahora. Todavía queda la esperanza de que la sociedad se movilice en las urnas en favor de los jueces, la SCJN, y el Poder Judicial, que demande un país de leyes y con Estado de derecho.  
Presidente de GEA Grupo de Economistas y Asociados / StructurA
",,http://www.eluniversal.com.mx/opinion/jesus-reyes-heroles-g-g/estado-sin-derecho
"

La contingencia sanitaria fue motor de varias producciones mundiales alusivas al Covid-19 y México no fue la excepción, donde se filmó la docuficción ""Instantes"", que se encuentra en las etapas finales.

El proyecto inició a fines de marzo de 2020 como documental y para ello se entrevistó a gente que asistía a la Basílica de Guadalupe, se retrató el temor de policías y barrenderos en el Centro capitalino y la desesperación de marimberos que debían recorrer colonias para tratar de obtener dinero.

Pero conforme pasó el tiempo, relata la productora Estrella Medina, los creativos voltearon a la ficción para tener un margen de acción más grande.
 “La película es sobre un chavo que viene de provincia a estudiar cine pero llega la pandemia y sale a filmar un documental”; ​​​Estrella Medina, productora.
 Leer también ""Los Plebes"", una mirada a la vida de sicarios

Pepe Rodríguez ha sido el director de todo el proceso y fue quien escribió la historia que marchaba con lo que ya se tenía para que el material recabado no se quedara en una especie de reportaje, algo que los medios audiovisuales estaban ya levantando en ese momento.

Alex Flores, niño actor en la cinta Voces inocentes, de Luis Mandoki y la telenovela Corazón salvaje, lleva el rol estelar.

“La película es sobre un chavo que viene de provincia, de algún estado, a estudiar cine porque su abuelo influyó mucho en ello y, mientras está en la escuela, llega la pandemia y sale a filmar un documental. Entonces colapsa la ciudad, empieza a ver los contagios en amigos, ve que esto está grave y entra en una psicosis”, cuenta.
 15 personas incluyendo al actor protagonista, conformaron el equipo de produccción de la película ""Instantes"".
 

Para la producción, Medina contó con ayuda de varias personas. Familiares le prestaron un departamento, otras dinero para la comida y para los técnicos participantes, equipo de iluminación y tramoya.

Quince personas, incluyendo al actor, conformaron el equipo de rodaje, al que le falta la parte de locaciones estatales, de donde llega el personaje principal.

“Inicialmente era un testimonial, pero conforme fueron pasando los días la realidad iba cambiando constantemente y eso se veía en los noticieros”, recuerda Medina.
 Leer más ""Framing Britney Spears"", el documental que revive sus escándalos con un fin

“Teníamos (filmada) a gente que explicaba que no tenía trabajo, esto para ser parte del documental, pero no había una lectura sobre lo que empieza a desarrollarse en la mente, en el cuerpo, hemos pasado por todos los estados en nuestra vida, algo que antes no habíamos pasado y entonces esta parte es la ficción, lo que no pudimos documentar porque evidentemente no sabíamos lo que iba a pasar”, detalla.

Durante la filmación de ""Instantes"", el equipo experimentó la contingencia sanitaria. Por ejemplo, para una secuencia se rentó una ambulancia, pero de un momento a otro, tuvo que retirarse por una emergencia.

“Teníamos miedo, pero también seguíamos toda la seguridad necesaria; yo he perdido amigos del cine, familiares han estado enfermos, mal; mi primo es médico, cuando estábamos con el documental no quería ponerse el micrófono”, narra Medina.
 Paso a paso el proceso creativo
01. A finales de marzo, cuando se decretó la cuarentena, el equipo empezó un documental. 
 02. En la filmación del documental se dieron cuenta que la tv ya registraba la pandemia.
 03. Con ese material, se reescribió el guión para hacerlo ficción. 
 Continuar leyendo Homenaje a Clint Eastwood en la frontera

“Lo que muestra la película, respetuosamente, sin morbo, es precisamente lo que nos ha pasado a todos, de no salir a caminar, a correr, que no nos dé el sol y lo que lleva eso”.

Durante la contingencia, de acuerdo con la Cámara Nacional de la Industria Cinematográfica, se han realizado más de 40 rodajes y grabaciones, entre películas y series.

La mayoría sólo retomó trabajos detenidos por la contingencia y al menos una decena de proyectos son historias ubicadas en la antigua normalidad, siendo comedias y thrillers.

Sobre la crisis de Covid-19 sólo se encuentra el documental Cartas a distancia, dirigido por Juan Carlos Rulfo, que toma como base los mensajes enviados de pacientes de un hospital de Tlatelolco a sus familiares.

En el orbe existen títulos como Songbird, producida por Michael Bay, ubicada en 2024 y que relata una mutación llamada Covid-23, y Corona, de Mostafa Keshvari.

“(Instantes) estamos sin terminarla por muchas cuestiones, sobre todo el económico y ahora todo mundo está pasándola muy difícil, pero sí o sí la vamos a terminar”, subraya Medina.
 40 rodajes se han realizado durante la contingencia sanitaria. La mayoría son comedias y thrillers.
",,http://www.eluniversal.com.mx/espectaculos/capturan-instantes-de-la-pandemia
"
A pesar de que el pase a la final es suficiente para clasificar a los Juegos Olímpicos de Tokio, la Selección Mexicana sub-23 tiene hambre para comerse al Preolímpico de la Concacaf.
Puedes leer: ""México comienza con el pie derecho en el preolímpico""
“Todos los que participamos en este torneo quieren salir campeones. Para nosotros, es el sueño que tenemos y no vamos a dejar de luchar cada partido para conseguirlo”, comentó Carlos Rodríguez, anotador del primer gol del Tricolor sobre República Dominicana.
El mediocampista de los Rayados reconoció que el proyecto de selecciones juveniles –incluso la Mayor– ha beneficiado a esta generación, lista para dominar el torneo de la zona y asegurar su pase a los Juegos Olímpicos.
Te puede interesar: ""Selección Mexicana Sub-23 debe mejorar a pesar de golear: Jaime Lozano""
“Nos conocemos muy bien, muchos hemos coincidido y nos conocemos perfectamente. En lo grupal, somos un equipo muy alegre, muy sano y eso lo demostramos en la cancha”, añadió y también reconoció que ha faltado tiempo “para ensayar los partidos”. 
Después de golear a sus similar de República Dominicana, Rodríguez reconoció que fue “un arranque muy bueno y queda mucho camino qué recorrer”.  El Tricolor juvenil, dirigido por Jaime Lozano, enfrentará a Costa Rica el domingo, correspondiente al segundo partido de la fase de grupos.
  
",,https://www.eluniversal.com.mx/universal-deportes/futbol/la-seleccion-mexicana-sub-23-quiere-dominar-el-preolimpico
"
Arteaga.- Fuertes vientos, con ráfagas de 20 y hasta 40 kilómetros por hora, propagan rápidamente el fuego y extienden el mega incendio en el paraje “La Pinalosa” de la Sierra de Arteaga, el “pulmón” más importante de la región sureste de Coahuila.
El gobernador Miguel Ángel Riquelme Solís, quien estuvo en el centro de mando, recibió el reporte de que el avance de control del siniestro, que hasta este jueves lleva tres días, es del 15%.
Por precaución, medio centenar de habitantes del ejido “El Baratillo” fueron evacuados y trasladados a un albergue.
Debido al fuerte aire que se registra en la zona, los trabajos de combate se reanudaron después de las 14:00 horas de este jueves solo con expertos y no se aceptaron voluntarios para no arriesgar sus vidas.
Personal de combate, por tierra y aire, con ayuda de 5 helicópteros trata de impedir que el fuego llegue a poblados cercanos.



Las enormes llamaradas se divisan a varios kilómetros de distancia. La policía permanece vigilante en los filtros y restringe la entrada a la zona que está ardiendo.
El gobernador Miguel Ángel Riquelme Solís supervisó la reanudación de las labores de combate y refrendó todo el apoyo del estado a los 450 brigadistas, a quienes reconoció su valor al enfrentar el embate de la naturaleza.
Son elementos de Protección Civil del Estado y el Municipio, Bomberos, de la Comisión Nacional Forestal (CONAFOR), Ejército Mexicano, Guardia Nacional (GN) y otros.
Riquelme Solís anunció que la Fiscalía General del Estado (FGE) abrió una carpeta de investigación para determinar las causas del incendio que es un desastre ecológico.
Grupos de brigadistas, armados con picos, palas, y herramientas diversas, abren brechas “Cortafuegos” de 8 a 15 metros de ancho y 15 centímetros de profundidad.
Lee también: México vive una de sus peores temporadas de incendios forestales en años
Hasta media tarde, en el primer “corte” reportaron que llevaban una línea de más de 7 kilómetros escarbados en un lugar estratégico.
La secretaria de Medio Ambiente (SMA), Eglantina Canales Gutiérrez, destacó que el viento ha estado muy cambiante en las últimas horas, razón por la cual se suspendieron labores el miércoles y se reanudaron hasta este jueves, cuando 390 brigadistas ingresaron a la zona de la conflagración.
Señaló que además se cuenta con 100 personas en el área de logística, quienes tienen instrucciones precisas de estar muy al pendiente de la información climática.
Aparte de las brechas cortafuegos, destacó que cinco helicópteros, tres del Gobierno de Coahuila y dos de la Guardia Nacional, apoyan las labores de combate al fuego.
“Pero que el cambio en la dirección del viento (y las enormes humaredas), causó que de manera momentánea se suspendieran los vuelos, ya que la visibilidad disminuyó”, refirió.



Ante la inconformidad de algunos lugareños que quieren ayudar y no los dejan, Eglantina Canales les agradeció su interés por colaborar.
“Se les agradece que quieran ayudar, pero por el momento sólo está laborando personal registrado, que tiene experiencia en este tipo de eventos”, arguyó.
La titular de la SMA refirió que uno de los brigadistas sufrió una luxación, recibió atención médica de urgencia y se encuentra bien.
Fue una dislocación de un hueso, que es común en este tipo de trabajos, debido a que la topografía es muy accidentada, comentó.
Adelantó que si las condiciones climáticas lo permiten la jornada de este viernes iniciará a las 7 de la mañana y concluirá a las 6 de la tarde antes de que empiece a oscurecer.
afcl/nv
",,https://www.eluniversal.com.mx/estados/fuertes-vientos-dificultan-labores-para-sofocar-incendio-en-sierra-de-arteaga-coahuila
"

Con creciente insistencia circula el argumento de que Estados Unidos es el único contrapeso real al gobierno de la 4T. Los más angustiados con el rumbo que lleva la nación observan que la oposición prácticamente no pinta. Los empresarios buscan acomodarse a las circunstancias y han visto disminuir su influencia. El Congreso y el Poder Judicial no atraviesan ciertamente por su mejor momento. Algunos medios y pensadores denuncian y ejercen la crítica, pero de cualquier manera no controlan ni definen la agenda pública. Este vacío alimenta la noción de que Washington será el factor decisivo; un poder real que no está sujeto a los vaivenes de la política mexicana y que, por tanto, podría alterar la dirección que lleva el país. Quienes están preocupados por las tesis y las acciones del gobierno apuestan a que Estados Unidos no permitiría que nuestro país se convierta en un símil de Venezuela o de Cuba debido a la vecindad con la gran potencia.

Vamos por partes. Para Estados Unidos que solamente tiene dos vecinos geográficos, Canadá y México constituyen la prioridad de seguridad nacional número uno. Tan es así que los dos países forman parte del Comando Centro (Cencom) dentro de la lógica militar de Estados Unidos, como si fuésemos parte de una misma esfera de seguridad. Por razones muy complejas, normalmente ponen más atención en el Medio Oriente, en Rusia, en Irán y recientemente en China. La estabilidad política y el alineamiento de México y de Canadá nos han sacado de las preocupaciones de la alta política internacional, según se mira desde Washington. Por descontado consideran que sus dos vecinos son sus aliados y que no estarían dispuestos a jugar la carta de diplomática de acercarse más de la cuenta con Beijing o con Moscú.

Dicho esto, también están conscientes de que un México sumido en la inestabilidad política, con graves trastornos económicos y violencia social, sería un factor que los distraería de inmediato del resto de sus compromisos internacionales. Un México caótico generaría flujos migratorios incontrolables, afectaría uno de sus polos de comercio más relevantes, pondría en riesgo sus inversiones y les obligaría a centrar el aparato de inteligencia y de seguridad en un país que hasta ahora no ha sonado las alarmas dentro de su cálculo geoestratégico.

¿Hasta dónde pueden estar preocupados en Washington por el rumbo que lleva México? ¿Qué razones les llevarían a actuar o a influir en los asuntos mexicanos? La respuesta es más o menos clara: cuando perciban que sus intereses y su seguridad están siendo amenazados. Dentro de la baraja de decisiones que ha tomado la 4T, la mayoría no afecta directamente a EU, salvo algunos aspectos de la política energética, el clima de incertidumbre para la inversión extranjera y la cooperación contra el crimen organizado. Esto puede cambiar en la medida en que los problemas de México se conviertan en problemas para Estados Unidos, como es el caso de la creciente migración mexicana. Washington está lejos de generar una política de intervención activa en México. Hasta ahora lo único que ha ocurrido es que, por primera vez en cerca de veinte años, nuestro país tiene un sitio en el radar de las preocupaciones globales de Estados Unidos.
  
Internacionalista
",,http://www.eluniversal.com.mx/opinion/enrique-berruga-filloy/estados-unidos-al-rescate
"
Ciudad Victoria.- Con motivo de su 5º Informe de Gobierno, el gobernador Francisco García Cabeza de Vaca en Tampico dirigió un mensaje a las familias, sociedad organizada y sectores productivos de la región sur de Tamaulipas, donde refrendó su compromiso para seguir luchando contra las circunstancias adversas, “cuando pretenden intervenir el rumbo de una entidad libre y soberana”.
El mandatario tamaulipeco advirtió que ante la bajeza de los golpes políticos, impondrá la altura de la visión y fortaleza de carácter, “ante la sinrazón, convenceremos con la razón, decididos a hacer valer la ley y el interés superior de las y los tamaulipecos”, aseguró.
Dijo que los tamaulipecos, “aquí seguiremos dando la batalla hasta el último aliento, porque contamos con la razón, tenemos dignidad y sabemos defender nuestro honor”.
Al igual como lo hizo en Ciudad Victoria, se refirió a los resultados obtenidos tras casi 5 años de trabajo, recordó que en materia de seguridad se han logrado reducir los índices delictivos hasta ubicar a la entidad entre las 7 con menor índice de inseguridad.
Lee también: Audiencias serán públicas en caso García Cabeza de Vaca
Realizó un reconocimiento especial a las Mesas de Seguridad y Justicia de Tamaulipas por su invaluable colaboración y aportaciones para garantizar la paz y tranquilidad en la entidad, consideradas unas de las más participativas y ejemplo nacional.
Entre las obras, destacó la construcción en Altamira del Complejo Regional de Seguridad Pública, que se suma a los construidos en Reynosa, Nuevo Laredo y la ampliación de Victoria; la construcción del Centro de Justicia Integral para la región; y la edificación de las Estaciones TAM, ubicadas cada 50 kilómetros en la red carretera estatal, modelo que actualmente con 14 estaciones en operación y 9 más en construcción.
En materia de bienestar social, se han construido en la región y puesto en funcionamiento 9 Parques de Bienestar, 2 Centros de Bienestar y Paz, y un Centro de Bienestar, sitios para la convivencia y esparcimiento para las familias tamaulipecas.
Avanza la construcción del paseo peatonal Laguna del Carpintero, cuyo malecón, Puente y Jardín de las Artes se encuentran listos; en una segunda etapa quedarán concluidos el pabellón ganadero, la rueda de la fortuna y espacios comerciales y gastronómicos.
Lee también: ¿Caerá o no caerá la Cabeza de Vaca?
En la Unidad Deportiva de Tampico se remodelaron 7 canchas de frontón, una cancha de fútbol que ahora cuenta con pasto sintético, gradas y moderna iluminación, mientras que en Ciudad Madero se rehabilitó el campo de béisbol “El Polvorín” y el Estadio de fútbol en Altamira.
En obra pública, en esta zona se construyeron y rehabilitaron diversas obras de vialidad, calles y avenidas principales de las 3 ciudades del sur; destaca el paso inferior vehicular sobre la avenida Hidalgo con Calzada San Pedro, así como el puente vehicular sobre el callejón “De Barriles” que conecta a playa Miramar en ciudad Madero.
Al evento denominado 5 Años Creciendo, asistieron: el Vicealmirante Aeronáutica Naval Piloto Aviador Diplomado de Estado Mayor, José Carlos Vera Vidal, Comandante de la Primera Zona Naval; el inspector en Jefe Raúl Meneses Ramírez, Coordinador Regional de la Guardia Nacional; el Senador Ismael García Cabeza de Vaca; Luis Apperti Llovet, Coordinador Estatal de Vinculación de las Mesas Ciudadanas de Seguridad y Justicia en el Estado; Bertha Salinas Ruíz, Presidenta del Consejo de Instituciones Empresariales del Sur de Tamaulipas (CIEST); Yolanda Barrera González, Coordinadora Estatal de las Mesas Ciudadanas de Seguridad y Justicia en el Estado; Diputado federal, Vicente Verástegui Ostos; Alcalde Jesús Nader Nasrallah; Presidente Municipal interino de Altamira, Cuauhtémoc Zaleta Alonso; diputados locales, empresarios de la región, académicos, entre otros invitados.
Lee también: Con desafuero contra García Cabeza de Vaca, Gobierno busca dañar imagen del PAN: Cortés
afcl/nv
",,https://www.eluniversal.com.mx/estados/tenemos-dignidad-y-sabemos-defender-nuestro-honor-advierte-garcia-cabeza-de-vaca
"
La intención era una: anotarse como “logro de la 4T” que Carlos Romero Deschamps renunciara a su larga estadía en Pemex. No importaban las formas, tampoco los privilegios que obtuviera en su salida, lo relevante, (y la única condición), es que su abandono fuera antes de las elecciones, en el afán de abonar a un proceso que se antoja más competido para Morena que el registrado en el 2018.
Fue bastante más que un “exhorto” al exlíder sindical petrolero, (como lo calificó AMLO en alguna “mañanera”), en realidad se trató de una “petición con carácter de exigencia”, me hacen saber al interior de Palacio Nacional. “El Presidente observaba la salida de Carlos Romero como un simbolismo más de su poder, de ahí que quisiera anotarse el logro”. 
La negociación llevó algunos meses, hubo varios “estira y afloja”, pero no quedaba de otra para el exdirigente sindical: cedía a las intenciones del Presidente o le darían fuerza a algunas carpetas de investigación en su contra. Carlos Romero Deschamps siempre supo que no había otra opción, más no quería que el tabasqueño se llevara el crédito de su salida. 
Fuentes cercanas al Presidente comentan que cuando enviaron a Romero un resumen de los procesos en su contra si no renunciaba a Pemex, no le tomó más de una hora decidir que lo mejor era anunciar su salida, “claro, siempre y cuando le garantizaran sus prestaciones de retiro, y principalmente, que pasaría el resto de sus años en paz, al igual que su familia”. 
Para gozar de los “acuerdos que le ofreció AMLO” a cambio de “colgar los guantes” en definitiva, quien fuera líder del sindicato más poderoso del país durante 26 años, aceptaría anunciar que su salida se daba “por voluntad propia y sin presión alguna”, pues de otra forma, la justicia podría pisarle los talones, quedando 4 años por delante del actual gobierno. 
“Quiero anunciar pronto, en una de mis conferencias, que Carlos Romero Deschamps ha dejado de ser trabajador activo en Pemex. No puede seguir ahí siendo yo Presidente, y debe ser antes de junio”, dijo AMLO hace algunas semanas a tres de sus más cercanos colaboradores. “Así que muéstrenle la situación, háganle ver las cosas y platiquen”, comentó. 
El exlíder petrolero pensó en confrontar las acusaciones que existen en la Fiscalía General de la República, pues a su juicio no tendrían las armas suficientes para acorralarlo, sin embargo, “nos hizo saber, a través de terceros, que no cedía por temor, sino porque estaba cerca de los ochenta años y tenía asuntos más importantes”, comentan al interior de Palacio.
Twitter: @aaguirre_gwww.alejandroaguirre.com.mx
",,http://www.eluniversal.com.mx/opinion/alejandro-aguirre-guerrero/los-acuerdos-con-romero-deschamps
"
En un oficio que firmó en julio pasado, el subsecretario Hugo López-Gatell giró instrucciones de cómo deben ser manejados los casos de médicos que presenten síntomas de coronavirus. Específicamente, aquellos que se encuentran en unidades de atención.
El documento, enviado a los secretarios de Salud de todos los estados y del que tengo copia —que se puede consultar al final de este texto—, explica que si un médico presenta síntomas debe realizarse una primera prueba de Covid en estricto aislamiento domiciliario. Si la prueba sale negativa, el médico debe reincorporarse a sus labores “hasta cumplir 72 horas sin fiebre, sin tratamiento antipirético”, y reforzar las medidas básicas de prevención y uso de equipo de protección personal (EPP). Si la prueba sale positiva, la instrucción de López-Gatell es: “retorno a labores al cumplir 10 días del inicio de los síntomas y 72 horas sin fiebre, sin tratamiento antipirético, reforzar medidas básicas de prevención y uso de EPP”. En letras rojas y más grandes señala: “no es necesaria la toma, ni resultado de una segunda muestra”. Es decir, establece claramente que los médicos en unidades de atención no deben realizarse una segunda prueba ni esperar a sus resultados para regresar a su trabajo.
¿Qué hizo López-Gatell cuando se contagió? Justo lo contrario: se realizó una segunda prueba antes de volver a sus labores presenciales. Lo divulgó él mismo.
Si bien el subsecretario no es médico en unidad de atención, y por tanto esta disposición no aplica para él mismo, lo que ha enojado a personal médico del país que recibió esta circular es que un subsecretario que se la pasa en su oficina tenga acceso a privilegios prohibidos para quienes están en la primera línea de fuego cuidando la salud de la gente y expuestos a mayores riesgos.
La indignación crece aún más cuando López-Gatell explícitamente contradijo la recomendación de la Organización Mundial de la Salud para hacer muchas pruebas. “Test, test, test” (pruebas, pruebas, pruebas), dijo el director de la OMS el 16 de marzo del año pasado. “Este mensaje de test, test, test, sin mayor calificación técnica, sin un documento, porque no han sacado un documento, qué daño le han hecho a todo el mundo”, refutó con su característica suficiencia López-Gatell a los tres meses, el 10 de junio en entrevista con la agencia EFE. México sigue siendo uno de los países del mundo que menos pruebas realiza.
El oficio que se revela en esta columna, en el que se recomienda no hacer segundas pruebas, tiene fecha 15 de julio de 2020, folio: SPPS-2609-2020, asunto: “Algoritmo diagnóstico y alta sanitaria personal de salud”, está dirigido a los secretarios de Salud de las entidades federativas y firmado por el subsecretario federal Hugo López-Gatell.
Señala que se envía “en cumplimiento a las indicaciones del Secretario de Salud, Jorge Carlos Alcocer Varela, y en el marco de atención integral a la epidemia causada por el virus, SARS-CoV2 (COVID-19) en el territorio nacional”. En la carta introductoria se resalta lo que viene en letras grandes y rojas en el documento adjunto, en el sentido de que no hace falta hacer una segunda prueba Covid al personal médico contagiado.
Oficio enviado a todos los secretarios de Salud estatales:https://www.eluniversal.com.mx/interactivos/2021/pdf/salud-algoritmo-dia...
",,http://www.eluniversal.com.mx/opinion/carlos-loret-de-mola/gatell-ordena-medicos-no-hacerse-segunda-prueba-pero-el-se-la-hace
"

Petróleos Mexicanos (Pemex) gestiona un salvavidas con el gobierno federal, “un apoyo que permita fortalecer la posición financiera” de la petrolera y sus empresas subsidiarias, así como conformar un mecanismo para el pago de proveedores y contratistas, problema que puede traer “consecuencias de no cubrirse en este mismo año”.

El pasado 22 de febrero durante la sesión 968 Extraordinaria del Consejo de Administración de Pemex, la empresa recibió luz verde para que realice las gestiones necesarias ante el gobierno federal, a través de la Secretaría de Energía (Sener), para solicitar este apoyo.

Aunque el monto que se negocia entre Sener, la Secretaría de Hacienda y Crédito Público (SHCP) y Pemex no se detalló, se hizo saber al Consejo de Administración que llegará vía adecuaciones presupuestarias “hasta por lo que sea autorizado y se reciba como apoyo financiero del gobierno”, se lee en el acta del Acuerdo CA-012/2021.

Se instruyó al director de Pemex, Octavio Romero Oropeza, presentar al Consejo de Administración un informe sobre la ejecución y seguimiento de este acuerdo y los resultados del fortalecimiento de la posición financiera de la empresa.
 También lee: Pemex trabaja en cuevas para almacenaje

El salvavidas que se gestiona es adicional al estímulo fiscal que recibió la empresa el 19 de febrero de este año, publicado en el Diario Oficial de la Federación, un apoyo para la petrolera por 73 mil 280 millones para 2021, que permitirá reducir el monto del pago mensual por Derecho por la Utilidad Compartida (DUC).

El gasto que desembolsaba la petrolera por el DUC representa 80% de la carga fiscal directa y es adicional a la tasa aplicable por este derecho a partir de 2021, conforme a las modificaciones a la Ley de Ingresos sobre Hidrocarburos aprobadas en 2019. La tasa de este año será de 54%.

Es adicional a la decisión del Ejecutivo respecto a que el pago de amortizaciones de Pemex por su deuda ya no sean reestructuradas por la petrolera, sino que desde este año el gobierno se hará cargo de este pago para liberar a la empresa de esta carga que la estaba ahogando, dio a conocer Romero Oropeza.

Año para el olvido

Pemex cerró 2020 con una pérdida neta de 481 mil millones de pesos, por un derrumbe en sus ventas de 448.2 mil millones y un efecto cambiario negativo de 216 mil millones.

Reportó también capital de trabajo negativo de 452.4 mil millones de pesos junto con un aumento en la deuda de corto plazo de 146.2 mil millones; un aumento en compromisos con proveedores de 90 mil millones; una disminución de 20.6 mil millones en efectivo; una baja de 30 mil millones en inventarios.
 También lee: La CFE ayudará a Pemex al desalojo de combustóleo

Al mismo tiempo, la empresa cerró el año con una deuda financiera de 2 billones 258.7 mil millones de pesos, un monto equivalente a 14.7 veces lo que gastaron ocho laboratorios para desarrollar la vacuna contra el Covid-19, según la firma especilizada Airfinity.
 

Sin rumbo, en lo operativo

En términos operativos, la petrolera no encuentra el rumbo, porque sacrifica presupuesto para darle viabilidad financiera a la nueva refinería de Dos Bocas, en Paraíso, Tabasco.

El año pasado se ejercieron 234 mil millones de pesos (10.9 mil millones de dólares) en inversión presupuestaria, 70.4% del total, aunque el presupuesto que se autorizó para 2020 era de 332.6 millones de pesos (16.7 mil millones de dólares).

El mayor impacto fue en inversión de exploración y extracción, a la cual le autorizaron 269.9 mil millones, pero que sufrió un recorte para situarse en 220.4 mil millones y sólo se ejercieron 180.6 mil millones de pesos.

En cambio, en la sesión 965 Extraordinaria del Consejo de Administración de Pemex del 18 de enero, la Dirección Corporativa de Finanzas gestionó “las transferencias de recursos a la construcción de la nueva refinería de Dos Bocas para 2021”.
 También lee: Morena respalda a AMLO; presenta reforma para evitar que amparos obstaculicen funcionamiento de Pemex y CFE

Deuda a proveedores

Pemex urgió a instrumentar un “mecanismo financiero que permita asegurar y realizar el pago a proveedores y contratistas”.

Por ello, se instruyó a la administración para que, por conducto de la Dirección Corporativa de Finanzas, lleve a cabo las acciones para el diseño y la instrumentación de este mecanismo.

Hasta marzo de este año, Pemex venía arrastrando facturas por 125 mil 899 millones de pesos de las 42 principales empresas proveedoras y contratistas.

Información de la petrolera, vía la Plataforma Nacional de Transparencia, indica que las 10 principales empresas con mayores facturas para pago son:

Cotemar, con 11 mil 998 millones de pesos (mdp); Schlumberger, 9 mil 180.8 mdp; Typhoon, 7 mil 770.8 mdp; Permaducto, 7 mil 576.9 mdp; Halliburton, 7 mil 61.3 mdp; Baker, 5 mil 646.9 mpd; Tubos de Acero de México, 5 mil 487 mdp; Latina, 4 mil 953 mdp; Perfolat, 4 mil 525 mdp, y Weatherford, 4 mil 484 mdp.
",,http://www.eluniversal.com.mx/cartera/4t-y-pemex-gestionan-salvavidas-financiero
"
Si además de las indisciplinas, que ya le costaron el trabajo a cuatro jugadores el año pasado, en las Chivas ya detectaron que el rendimiento de muchos de sus jugadores no coincide con el elevado salario que les pagan, algo tienen que hacer. Más allá de multarlos o castigarlos, lo cual parece una medida desesperada y no algo bien pensado, lo que deberían hacer es replantear la manera en que hacen sus contrataciones y establecen el sueldo que percibirá cada uno de sus futbolistas.
Y esto, en estos tiempos de problemas económicos debido a la pandemia de coronavirus, podría ser replicado por muchos clubes más, aunque hay que decir que ninguno como el Guadalajara, en la Liga MX, para despilfarrar dinero en elementos que no rinden como se espera o que incluso ya ni siquiera están en la institución y a los que deben pagarles un alto porcentaje de su salario cuando logran acomodarlos a préstamo en otra institución, lo cual es terrible y habla de un mal manejo de los activos que tienen en su roster.
Por supuesto que los grandes culpables de inflar los precios y los sueldos de los futbolistas son los mismos clubes, pero los momentos que vivimos podrían ser un parteaguas para cambiar todo eso y aterrizarlo a la realidad, para evitar que jóvenes que —de un momento a otro— comenzaron a ganar más de 500 mil pesos al mes, cuando estaban acostumbrados a 20 o 30 mil pesos mensuales, entiendan que siempre se puede hacer más dinero, siempre y cuando se entreguen resultados en la cancha, sin olvidar —claro— el tema disciplinario y de imagen.

¿Qué podrían hacer?

Una de las claves podría ser tener un salario base para jugadores de Primera División, Liga de Expansión, categorías inferiores (cuando aplique) y por supuesto el equipo femenil, con tabuladores bien establecidos y justos.
A partir de eso, vendrán los pagos por objetivos, ya sea a lo largo del año futbolístico, torneo (que en los cortos son de cuatro o seis meses) o al mes; eso podría variar. ¿Qué metas individuales o grupales son susceptibles a esta relación resultado/pago?
Partidos de titular, de cambio, minutos jugados, partidos sin amonestación, partidos sin expulsión. En el caso de los arqueros y defensas, podría tomarse en cuenta duelos sin recibir gol. En el de los mediocampistas, sería pases acertados, duelos ganados, balones recuperados, asistencias. Y en los delanteros, por supuesto, goles anotados.
Hay muchas más y que se pueden medir de diferente manera, lo cual también tendría que ser trabajo de los departamentos de inteligencia, que ahora se han puesto tan de moda en los clubes y que pueden tener un papel determinante en este planteamiento.
Los clubes deben cuidar más su dinero y la manera en que lo gastan, evitarse pagar, pagar y pagar grandes salarios sin recibir lo que esperan a cambio. Y es que aquellos futbolistas que son regulares en su trabajo, no tendrán los problemas que sí experimentarán los que se hacen comodinos, sin rendir como se debe.
  
",,http://www.eluniversal.com.mx/opinion/gerardo-velazquez-de-leon/urge-el-pago-por-rendimiento-en-el-futbol
